,n_params,Method
0,0.0,CIPHER
1,6.2639237673284205,CPA
2,6.254816739381124,GEARS
